,epoch,loss
0,1,1227.28466796875
1,1,1677.01611328125
2,1,493.9020690917969
3,1,190.78445434570312
